Source File	Size	loadResources	load	generateSnapshots	load-configure	scan	loadDepInfo	loadInfo	checkR4R4B	generateNarratives	validate	loadLists	checkConformanceResources	checkConformanceResources2	checkConformanceResources3	generateLogicalMaps	validateExpressions	scanForUsageStats	checkURLsUnique	processProvenanceDetails	translate	generate1	generate2	generateLogicals	makeDependencies	generateExampleZip	generateValidationPack	scanProfilesForR5	scanExamplesForR5
/fsh-generated/resources/ImplementationGuide-mii-ig-modul-patho.json	49528	-	0	0	0	0	0	0	15	179	0	0	0	0	0	0	0	1	0	0	35	331	664	0	0	0	7	0	6
fsh-generated/resources/BodyStructure-mii-exa-patho-left-breast-body-structure.json	3042	25	0	0	3	0	1	0	0	942	0	0	0	0	0	0	0	0	0	0	1	16	46	0	0	0	0	0	0
fsh-generated/resources/BodyStructure-mii-exa-patho-prostate-body-structure.json	2610	21	0	0	0	0	0	0	1	823	0	0	0	0	0	0	0	0	0	0	0	14	39	0	0	0	0	0	0
fsh-generated/resources/CapabilityStatement-mii-cps-patho-capability-statement.json	117957	61	0	0	0	0	0	0	13	181	0	0	0	0	0	0	0	1	0	0	16	269	312	0	1	0	6	0	2
fsh-generated/resources/Composition-mii-exa-patho-composition.json	4046	22	0	0	0	0	0	0	0	193	0	0	0	0	0	0	0	0	0	0	0	14	81	0	0	0	0	0	0
fsh-generated/resources/Condition-mii-exa-patho-problem-list-item-1.json	724	19	0	0	0	0	0	0	0	4	0	0	0	0	0	0	0	0	0	0	0	7	27	0	0	0	0	0	0
fsh-generated/resources/Condition-mii-exa-patho-problem-list-item-2.json	726	18	0	0	0	0	0	0	0	2	0	0	0	0	0	0	0	0	0	0	0	7	22	0	0	0	0	0	0
fsh-generated/resources/DiagnosticReport-mii-exa-patho-report.json	2712	21	0	0	0	0	0	0	0	3382	0	0	0	0	0	0	0	0	0	0	1	15	95	0	0	0	0	0	0
fsh-generated/resources/Encounter-mii-exa-patho-encounter-12345.json	314	19	0	0	0	0	0	0	0	4	0	0	0	0	0	0	0	0	0	0	0	5	41	0	0	0	0	0	0
fsh-generated/resources/Encounter-mii-exa-patho-encounter-34555.json	305	19	0	0	0	0	0	0	0	2	0	0	0	0	0	0	0	0	0	0	0	5	37	0	0	0	0	0	0
fsh-generated/resources/Encounter-mii-exa-patho-encounter-87687.json	314	19	0	0	0	0	0	0	0	2	0	0	0	0	0	0	0	0	0	0	1	4	34	0	0	0	0	0	0
fsh-generated/resources/List-mii-exa-patho-active-problems-list.json	669	19	0	0	0	0	0	0	1	3	0	4	0	0	0	0	0	0	0	0	0	7	82	0	0	0	0	0	0
fsh-generated/resources/List-mii-exa-patho-history-of-present-illness.json	682	18	0	0	0	0	0	0	0	2	0	0	0	0	0	0	0	0	0	0	0	7	50	0	0	0	0	0	0
fsh-generated/resources/Media-mii-exa-patho-attached-image.json	606	14	0	0	0	0	0	0	0	736	0	0	0	0	0	0	0	0	0	0	0	8	32	0	0	0	0	0	0
fsh-generated/resources/Observation-mii-exa-patho-biopsy-site-a.json	1110	13	0	0	0	0	0	0	0	5	0	0	0	0	0	0	0	0	0	0	0	10	27	0	0	0	0	0	0
fsh-generated/resources/Observation-mii-exa-patho-diagnostic-conclusion-1.json	959	13	0	0	0	0	0	0	0	871	0	0	0	0	0	0	0	0	0	0	1	8	8	0	0	0	0	0	0
fsh-generated/resources/Observation-mii-exa-patho-diagnostic-conclusion-2.json	860	12	0	0	0	0	0	0	0	1706	0	0	0	0	0	0	0	1	0	0	0	8	8	0	0	0	0	0	0
fsh-generated/resources/Observation-mii-exa-patho-diagnostic-conclusion-3.json	924	13	0	0	0	0	0	0	0	847	0	0	0	0	0	0	0	0	0	0	0	8	8	0	0	0	0	0	0
fsh-generated/resources/Observation-mii-exa-patho-diagnostic-conclusion-grouper.json	1333	12	0	0	0	0	0	0	0	3	0	0	0	0	0	0	0	0	0	0	0	9	44	0	0	0	0	0	0
fsh-generated/resources/Observation-mii-exa-patho-gleason-pattern-a.json	945	13	0	0	0	0	0	0	0	1671	0	0	0	0	0	0	0	0	0	0	0	7	21	0	0	0	0	0	0
fsh-generated/resources/Observation-mii-exa-patho-histologic-type-a.json	952	12	0	0	0	0	0	0	0	1716	0	0	0	0	0	0	0	0	0	0	0	8	20	0	0	0	0	0	0
fsh-generated/resources/Observation-mii-exa-patho-macro-grouper-a.json	1029	12	0	0	0	0	0	0	0	2	0	0	0	0	0	0	0	0	0	0	1	8	22	0	0	0	0	0	0
fsh-generated/resources/Observation-mii-exa-patho-micro-grouper-a.json	1525	13	0	0	0	0	0	0	0	888	0	0	0	0	0	0	0	0	0	0	0	8	29	0	0	0	0	0	0
fsh-generated/resources/Observation-mii-exa-patho-p63-a.json	982	12	0	0	0	0	0	0	0	2	0	0	0	0	0	0	0	0	0	0	0	9	20	0	0	0	0	0	0
fsh-generated/resources/Observation-mii-exa-patho-tissue-length-a.json	1065	12	0	0	0	0	0	0	1	834	0	0	0	0	0	0	0	0	0	0	0	8	23	0	0	0	0	0	0
fsh-generated/resources/Organization-mii-exa-patho-organization-12345.json	430	13	0	0	0	0	0	0	0	1	0	0	0	0	0	0	0	0	0	0	0	4	9	0	0	0	0	0	0
fsh-generated/resources/Organization-mii-exa-patho-organization-123456.json	425	9	0	0	0	0	0	0	0	1	0	0	0	0	0	0	0	0	0	0	1	4	6	0	0	0	0	0	0
fsh-generated/resources/Patient-mii-exa-patho-patient-12345.json	218	11	0	0	0	0	0	0	0	1	0	0	0	0	0	0	0	0	0	0	0	4	10	0	0	0	0	0	0
fsh-generated/resources/Patient-mii-exa-patho-patient-34545.json	222	11	0	0	0	0	0	0	0	1	0	0	0	0	0	0	0	0	0	0	0	4	7	0	0	0	0	0	0
fsh-generated/resources/Practitioner-mii-exa-patho-practitioner-1234.json	174	6	0	0	0	0	0	0	0	1	0	0	0	0	0	0	0	0	0	0	0	4	9	0	0	0	0	0	0
fsh-generated/resources/Practitioner-mii-exa-patho-practitioner-21234.json	177	6	0	0	0	0	0	0	0	1	0	0	0	0	0	0	0	0	0	0	0	6	7	0	0	0	0	0	0
fsh-generated/resources/Practitioner-mii-exa-patho-practitioner-2346545.json	181	5	0	0	0	0	0	0	0	1	0	0	0	0	0	0	0	0	0	0	1	5	6	0	0	0	0	0	0
fsh-generated/resources/Practitioner-mii-exa-patho-practitioner-34456.json	177	6	0	0	0	0	0	0	0	0	0	0	0	0	0	0	0	0	0	0	0	4	7	0	0	0	0	0	0
fsh-generated/resources/Practitioner-mii-exa-patho-practitioner-765879.json	179	5	0	0	0	0	0	0	0	1	0	0	0	0	0	0	0	0	0	0	0	4	7	0	0	0	0	0	0
fsh-generated/resources/ServiceRequest-mii-exa-patho-request.json	1659	8	0	0	0	0	0	0	0	6	0	0	0	0	0	0	0	0	0	0	0	12	50	0	0	0	0	0	1
fsh-generated/resources/Specimen-mii-exa-patho-breast-resection-sample.json	4493	8	0	0	0	0	0	0	0	8	0	0	0	0	0	0	0	0	0	0	0	18	41	0	0	0	0	0	0
fsh-generated/resources/Specimen-mii-exa-patho-prostate-biopsy-block.json	3201	10	0	0	0	0	0	0	1	5	0	0	0	0	0	0	0	0	0	0	1	58	36	0	0	0	0	0	0
fsh-generated/resources/Specimen-mii-exa-patho-prostate-biopsy-schnitt-HE.json	3427	11	0	0	1	0	0	0	0	6	0	0	0	0	0	0	0	0	0	0	0	15	37	0	0	0	0	0	0
fsh-generated/resources/Specimen-mii-exa-patho-prostate-biopsy-schnitt-p63.json	3335	11	0	0	0	0	0	0	0	5	0	0	0	0	0	0	0	0	0	0	0	14	33	0	0	0	0	0	0
fsh-generated/resources/Specimen-mii-exa-patho-prostate-resection-sample.json	2675	11	0	0	0	0	0	0	0	5	0	0	0	0	0	0	0	0	0	0	1	13	28	0	0	0	0	0	0
fsh-generated/resources/Specimen-mii-exa-patho-prostate-tru-cut-biopsy-sample.json	3172	10	0	0	0	0	0	0	0	4	0	0	0	0	0	0	0	0	0	0	0	15	30	0	0	0	0	0	0
fsh-generated/resources/StructureDefinition-mii-lm-patho-logical-model.json	102727	22	0	113	0	0	0	0	1	602	0	0	1	0	0	0	0	1	0	0	4	770	2239	0	0	0	17	0	2
fsh-generated/resources/StructureDefinition-mii-pr-patho-active-problems-list.json	4354	3	0	40	6	0	0	0	0	30	0	0	0	0	0	0	0	1	0	0	0	185	903	0	0	0	5	0	1
fsh-generated/resources/StructureDefinition-mii-pr-patho-additional-specified-grouper.json	9905	4	0	165	9	0	0	0	0	39	0	0	0	0	0	0	0	1	0	0	1	306	2469	0	0	0	9	1	1
fsh-generated/resources/StructureDefinition-mii-pr-patho-attached-image.json	17532	6	0	32	3	0	0	0	0	42	0	0	0	0	0	0	0	0	0	0	1	217	787	0	1	0	5	0	1
fsh-generated/resources/StructureDefinition-mii-pr-patho-base-observation.json	8593	4	0	4	0	0	0	0	0	936	0	0	1	0	0	0	0	1	0	0	0	480	1390	0	0	0	13	0	1
fsh-generated/resources/StructureDefinition-mii-pr-patho-bundle.json	31191	9	0	354	0	0	0	0	0	71	0	0	0	0	0	0	0	2	0	0	2	690	1395	0	0	0	18	0	3
fsh-generated/resources/StructureDefinition-mii-pr-patho-composition.json	60412	15	0	154	2	0	0	0	1	158	0	0	0	0	0	0	0	3	0	0	2	1231	2988	0	0	0	39	0	3
fsh-generated/resources/StructureDefinition-mii-pr-patho-diagnostic-conclusion-grouper.json	16871	5	0	40	7	0	0	0	0	31	0	0	1	0	0	0	0	1	0	0	1	336	1224	0	0	0	13	1	2
fsh-generated/resources/StructureDefinition-mii-pr-patho-finding.json	37944	9	0	45	4	0	0	0	0	46	0	0	0	0	0	0	0	1	0	0	1	385	5173	0	0	0	18	0	2
fsh-generated/resources/StructureDefinition-mii-pr-patho-history-of-present-illness.json	4203	2	0	25	3	0	0	0	0	23	0	0	0	0	0	0	0	1	0	0	1	180	485	0	0	0	7	0	0
fsh-generated/resources/StructureDefinition-mii-pr-patho-intraoperative-grouper.json	9622	3	0	34	8	0	0	0	0	36	0	0	0	0	0	0	0	1	0	0	0	303	1249	0	0	0	11	0	1
fsh-generated/resources/StructureDefinition-mii-pr-patho-macroscopic-grouper.json	9666	4	0	34	9	0	0	0	0	23	0	0	0	0	0	0	0	1	0	0	1	302	760	0	0	0	13	0	2
fsh-generated/resources/StructureDefinition-mii-pr-patho-microscopic-grouper.json	9666	3	0	33	10	0	0	0	0	26	0	0	0	0	0	0	0	1	0	0	0	309	780	0	0	0	14	0	1
fsh-generated/resources/StructureDefinition-mii-pr-patho-problem-list-item.json	4470	2	0	57	0	0	0	0	0	23	0	0	0	0	0	0	0	0	0	0	1	286	4029	0	0	0	10	0	1
fsh-generated/resources/StructureDefinition-mii-pr-patho-report.json	65753	15	0	115	2	0	0	0	0	71	0	0	1	0	0	0	0	2	0	0	2	596	783	0	1	0	24	0	2
fsh-generated/resources/StructureDefinition-mii-pr-patho-section-grouper.json	12058	3	0	1	22	0	0	0	0	28	0	0	0	0	0	0	0	1	0	0	0	345	868	0	0	0	12	1	1
fsh-generated/resources/StructureDefinition-mii-pr-patho-service-request.json	53574	14	0	43	0	0	0	0	1	43	0	0	0	0	0	0	0	1	0	0	2	563	780	0	0	0	21	0	3
fsh-generated/resources/StructureDefinition-mii-pr-patho-specimen.json	25935	7	0	68	0	0	0	0	0	130	0	0	0	0	0	0	0	4	0	0	1	755	1639	0	0	0	28	0	3
fsh-generated/resources/Substance-mii-exa-patho-canadabalsam.json	392	12	0	0	0	0	0	0	0	2	0	0	0	0	0	0	0	0	0	0	0	6	9	0	0	0	0	0	0
fsh-generated/resources/Substance-mii-exa-patho-eosin-y.json	381	11	0	0	0	0	0	0	0	1	0	0	0	0	0	0	0	0	0	0	0	5	7	0	0	0	0	0	0
fsh-generated/resources/Substance-mii-exa-patho-hematoxylin-stain.json	400	12	0	0	0	0	0	0	0	0	0	0	0	0	0	0	0	0	0	0	1	5	7	0	0	0	0	0	0
fsh-generated/resources/Substance-mii-exa-patho-microscope-slide-mounting-medium.json	431	12	0	0	0	0	0	0	0	1	0	0	0	0	0	0	0	0	0	0	0	6	6	0	0	0	0	0	0
fsh-generated/resources/Substance-mii-exa-patho-neutral-buffered-formalin.json	417	11	0	0	0	0	0	0	0	1	0	0	0	0	0	0	0	0	0	0	0	5	7	0	0	0	0	0	0
fsh-generated/resources/Substance-mii-exa-patho-p63-immunostain.json	1029	12	0	0	0	0	0	0	1	1	0	0	0	0	0	0	0	0	0	0	1	9	13	0	0	1	0	0	0
fsh-generated/resources/Substance-mii-exa-patho-paraffin.json	387	11	0	0	0	0	0	0	0	0	0	0	0	0	0	0	0	0	0	0	0	4	6	0	0	0	0	0	0
fsh-generated/resources/ValueSet-mii-vs-patho-all-loinc.json	1601	13	0	0	0	0	0	0	0	519	0	0	0	0	0	0	0	0	0	0	10	9	445	0	0	0	1	0	0
fsh-generated/resources/ValueSet-mii-vs-patho-collection-method-snomed-ct.json	2218	11	0	0	0	0	0	0	0	428	0	0	0	0	0	0	0	0	0	0	8	8	997	0	0	0	0	0	0
fsh-generated/resources/ValueSet-mii-vs-patho-composition-type-kdl.json	2360	13	0	0	0	0	0	0	1	14	0	0	0	0	0	0	0	0	0	0	8	12	139	0	0	0	1	0	0
fsh-generated/resources/ValueSet-mii-vs-patho-composition-type-snomed-ct.json	2236	12	0	0	0	0	0	0	0	417	0	0	0	0	0	0	0	0	0	0	13	9	524	0	0	0	0	0	0
fsh-generated/resources/ValueSet-mii-vs-patho-container-type-snomed-ct.json	4275	12	0	0	1	0	0	0	0	427	0	0	0	0	0	0	0	0	0	0	8	15	534	0	0	0	1	0	0
fsh-generated/resources/ValueSet-mii-vs-patho-media-modality-snomed-ct.json	2999	11	0	0	0	0	0	0	1	423	0	0	0	0	0	0	0	0	0	0	8	14	514	0	0	0	0	0	0
fsh-generated/resources/ValueSet-mii-vs-patho-problem-list-snomed-ct.json	5686	12	0	0	0	0	0	0	0	2951	0	0	0	0	0	0	0	0	0	0	13	17	283	0	0	0	1	0	0
fsh-generated/resources/ValueSet-mii-vs-patho-processing-procedure-snomed-ct.json	2208	7	0	0	0	0	0	0	0	425	0	0	0	0	0	0	0	0	0	0	9	9	930	0	0	0	0	0	0
fsh-generated/resources/ValueSet-mii-vs-patho-report-category-hl7.json	2161	7	0	0	0	0	0	0	1	3	0	0	0	0	0	0	0	0	0	0	9	11	89	0	0	0	0	0	0
fsh-generated/resources/ValueSet-mii-vs-patho-report-code-loinc.json	3629	7	0	0	0	0	0	0	0	421	0	0	0	0	0	0	0	0	0	0	9	14	522	0	0	0	1	0	0
fsh-generated/resources/ValueSet-mii-vs-patho-section-types-loinc.json	2991	6	0	0	0	0	0	0	0	428	0	0	0	0	0	0	0	0	0	0	8	15	84	0	0	0	0	0	0
fsh-generated/resources/ValueSet-mii-vs-patho-service-request-code.json	9941	7	0	0	0	0	0	0	1	2942	0	0	0	0	0	0	0	0	0	0	8	20	2677	0	0	0	1	0	1
/fsh-generated/includes/menu.xml	2736	-	-	-	0	0	0	0	0	0	0	0	0	0	0	0	0	0	0	0	0	0	1	0	0	0	0	0	0
/fsh-generated/includes/fsh-link-references.md	6658	-	-	-	0	0	0	0	0	0	0	0	0	0	0	0	0	0	0	0	0	0	1	0	0	0	0	0	0
/input/intro-notes/CapabilityStatement-mii-cps-patho-capability-statement-intro.md	997	-	-	-	0	0	0	0	0	0	0	0	0	0	0	0	0	0	0	0	0	0	0	0	0	0	0	0	0
/input/intro-notes/StructureDefinition-mii-pr-patho-microscopic-grouper-intro.md	191	-	-	-	0	0	0	0	0	0	0	0	0	0	0	0	0	0	0	0	0	0	1	0	0	0	0	0	0
/input/intro-notes/StructureDefinition-mii-pr-patho-macroscopic-grouper-intro.md	191	-	-	-	0	0	0	0	0	0	0	0	0	0	0	0	0	0	0	0	0	0	0	0	0	0	0	0	0
/input/intro-notes/StructureDefinition-mii-pr-patho-finding-intro.md	191	-	-	-	0	0	0	0	0	0	0	0	0	0	0	0	0	0	0	0	0	0	0	0	0	0	0	0	0
/input/intro-notes/StructureDefinition-mii-pr-patho-specimen-intro.md	426	-	-	-	0	0	0	0	0	0	0	0	0	0	0	0	0	0	0	0	0	0	0	0	0	0	0	0	0
/input/intro-notes/StructureDefinition-mii-pr-patho-diagnostic-conclusion-grouper-intro.md	191	-	-	-	0	0	0	0	0	0	0	0	0	0	0	0	0	0	0	0	0	0	1	0	0	0	0	0	0
/input/pagecontent/version-history.md	933	-	-	-	0	0	0	0	0	0	0	0	0	0	0	0	0	0	0	0	0	0	0	0	0	0	0	0	0
/input/pagecontent/uml.md	1200	-	-	-	0	0	0	0	0	0	0	0	0	0	0	0	0	0	0	0	0	0	0	0	0	0	0	0	0
/input/pagecontent/anwendungsfaelle.md	660	-	-	-	0	0	0	0	0	0	0	0	0	0	0	0	0	0	0	0	0	0	0	0	0	0	0	0	0
/input/pagecontent/profile.md	5219	-	-	-	0	0	0	0	0	0	0	0	0	0	0	0	0	0	0	0	0	0	1	0	0	0	0	0	0
/input/pagecontent/datensaetze.md	9437	-	-	-	0	0	0	0	0	0	0	0	0	0	0	0	0	0	0	0	0	0	1	0	0	0	0	0	0
/input/pagecontent/downloads.md	2308	-	-	-	0	0	0	0	0	0	0	0	0	0	0	0	0	0	0	0	0	0	1	0	0	0	0	0	0
/input/pagecontent/referenzen.md	979	-	-	-	0	0	0	0	0	0	0	0	0	0	0	0	0	0	0	0	0	0	0	0	0	0	0	0	0
/input/pagecontent/szenarien.md	7808	-	-	-	0	0	0	0	0	0	0	0	0	0	0	0	0	0	0	0	0	0	1	0	0	0	0	0	0
/input/pagecontent/beschreibung.md	9619	-	-	-	0	0	0	0	0	0	0	0	0	0	0	0	0	0	0	0	0	0	1	0	0	0	0	0	0
/input/pagecontent/translationinfo.md	1766	-	-	-	0	0	0	0	0	0	0	0	0	0	0	0	0	0	0	0	0	0	1	0	0	0	0	0	0
/input/pagecontent/hierarchie.md	11940	-	-	-	0	0	0	0	0	0	0	0	0	0	0	0	0	0	0	0	0	0	1	0	0	0	0	0	0
/input/pagecontent/terminologien.md	8924	-	-	-	0	0	0	0	0	0	0	0	0	0	0	0	0	0	0	0	0	0	33	0	0	0	0	0	0
/input/pagecontent/kontext.md	3020	-	-	-	0	0	0	0	0	0	0	0	0	0	0	0	0	0	0	0	0	0	1	0	0	0	0	0	0
/input/pagecontent/changes.md	2801	-	-	-	0	0	0	0	0	0	0	0	0	0	0	0	0	0	0	0	0	0	0	0	0	0	0	0	0
/input/pagecontent/index.md	3303	-	-	-	0	0	0	0	0	0	0	0	0	0	0	0	0	0	0	0	0	0	1	0	0	0	0	0	0
/input/intro-notes	0	-	-	-	0	0	0	0	0	0	0	0	0	0	0	0	0	0	0	0	0	0	0	0	0	0	0	0	0
/input/intro-notes/CapabilityStatement-mii-cps-patho-capability-statement-intro.md	997	-	-	-	0	0	0	0	0	0	0	0	0	0	0	0	0	0	0	0	0	0	0	0	0	0	0	0	0
/input/intro-notes/StructureDefinition-mii-pr-patho-microscopic-grouper-intro.md	191	-	-	-	0	0	0	0	0	0	0	0	0	0	0	0	0	0	0	0	0	0	0	0	0	0	0	0	0
/input/intro-notes/StructureDefinition-mii-pr-patho-macroscopic-grouper-intro.md	191	-	-	-	0	0	0	0	0	0	0	0	0	0	0	0	0	0	0	0	0	0	1	0	0	0	0	0	0
/input/intro-notes/StructureDefinition-mii-pr-patho-finding-intro.md	191	-	-	-	0	0	0	0	0	0	0	0	0	0	0	0	0	0	0	0	0	0	0	0	0	0	0	0	0
/input/intro-notes/StructureDefinition-mii-pr-patho-specimen-intro.md	426	-	-	-	0	0	0	0	0	0	0	0	0	0	0	0	0	0	0	0	0	0	0	0	0	0	0	0	0
/input/intro-notes/StructureDefinition-mii-pr-patho-diagnostic-conclusion-grouper-intro.md	191	-	-	-	0	0	0	0	0	0	0	0	0	0	0	0	0	0	0	0	0	0	1	0	0	0	0	0	0
/template/config	0	-	-	-	0	0	0	0	0	0	0	0	0	0	0	0	0	0	0	0	0	0	0	0	0	0	0	0	0
/template/config/_config.yml	140	-	-	-	0	0	0	0	0	0	0	0	0	0	0	0	0	0	0	0	0	0	0	0	0	0	0	0	0
/input/images	0	-	-	-	0	0	0	0	0	0	0	0	0	0	0	0	0	0	0	0	0	0	0	0	0	0	0	0	0
/input/images/GrouperVorher.png	130679	-	-	-	0	0	0	0	0	0	0	0	0	0	0	0	0	0	0	0	0	0	1	0	0	0	0	0	0
/input/images/ArtDecor_Beobachtungsberichtabschnitt.PNG	20362	-	-	-	0	0	0	0	0	0	0	0	0	0	0	0	0	0	0	0	0	0	0	0	0	0	0	0	0
/input/images/ArtDecor_Untersuchungsauftrag.PNG	13135	-	-	-	0	0	0	0	0	0	0	0	0	0	0	0	0	0	0	0	0	0	0	0	0	0	0	0	0
/input/images/patho_uml_v2026.png	158097	-	-	-	0	0	0	0	0	0	0	0	0	0	0	0	0	0	0	0	0	0	1	0	0	0	0	0	0
/input/images/Specimen.png	177651	-	-	-	0	0	0	0	0	0	0	0	0	0	0	0	0	0	0	0	0	0	0	0	0	0	0	0	0
/input/images/GrouperNachher.png	136595	-	-	-	0	0	0	0	0	0	0	0	0	0	0	0	0	0	0	0	0	0	1	0	0	0	0	0	0
/input/images/patho_observation_dependencies_v1.0.0.png	38867	-	-	-	0	0	0	0	0	0	0	0	0	0	0	0	0	0	0	0	0	0	0	0	0	0	0	0	0
/input/images/ArtDecor_ganz.PNG	8348	-	-	-	0	0	0	0	0	0	0	0	0	0	0	0	0	0	0	0	0	0	0	0	0	0	0	0	0
/input/images/patho_profile_relationships_v1.0.0.png	108080	-	-	-	0	0	0	0	0	0	0	0	0	0	0	0	0	0	0	0	0	0	1	0	0	0	0	0	0
/input/images/ArtDecor_Probe.PNG	10700	-	-	-	0	0	0	0	0	0	0	0	0	0	0	0	0	0	0	0	0	0	0	0	0	0	0	0	0
/temp/pages/_includes/artifacts.xml	95488	-	-	-	-	-	-	-	-	-	-	-	-	-	-	-	-	-	-	-	-	-	3	0	0	0	0	0	0
